Workbook

Sheet Roadmap
A1: Project management road map tracker
A2: Phases and deliverables follow the Template22 Project Management Road Map graphic. Blue cells are inputs: owner, due date, status. Today is read from TODAY(), so overdue flags change daily.
A4: # | B4: Phase | C4: Deliverable | D4: Owner | E4: Due date | F4: Status | G4: Overdue?
A5: 1 | B5: Project Initiation | C5: Business case | E5: 46328 | F5: Done | G5: =IF(AND(E5<TODAY(),F5<>"Done"),"Overdue","")
A6: 1 | B6: Project Initiation | C6: Project charter | E6: 46329 | F6: Done | G6: =IF(AND(E6<TODAY(),F6<>"Done"),"Overdue","")
A7: 1 | B7: Project Initiation | C7: Project assessment | E7: 46330 | F7: Done | G7: =IF(AND(E7<TODAY(),F7<>"Done"),"Overdue","")
A8: 1 | B8: Project Initiation | C8: Identify stakeholders | E8: 46331 | F8: Done | G8: =IF(AND(E8<TODAY(),F8<>"Done"),"Overdue","")
A9: 1 | B9: Project Initiation | C9: Approval and go/no-go | E9: 46332 | F9: Done | G9: =IF(AND(E9<TODAY(),F9<>"Done"),"Overdue","")
A10: 2 | B10: Project Planning | C10: Project management plan | E10: 46335 | F10: In progress | G10: =IF(AND(E10<TODAY(),F10<>"Done"),"Overdue","")
A11: 2 | B11: Project Planning | C11: Scope statement | E11: 46336 | F11: In progress | G11: =IF(AND(E11<TODAY(),F11<>"Done"),"Overdue","")
A12: 2 | B12: Project Planning | C12: Work breakdown structure (WBS) | E12: 46337 | F12: In progress | G12: =IF(AND(E12<TODAY(),F12<>"Done"),"Overdue","")
A13: 2 | B13: Project Planning | C13: Schedule plan | E13: 46338 | F13: Not started | G13: =IF(AND(E13<TODAY(),F13<>"Done"),"Overdue","")
A14: 2 | B14: Project Planning | C14: Cost plan | E14: 46339 | F14: Blocked | G14: =IF(AND(E14<TODAY(),F14<>"Done"),"Overdue","")
A15: 2 | B15: Project Planning | C15: Resource plan | E15: 46340 | F15: Not started | G15: =IF(AND(E15<TODAY(),F15<>"Done"),"Overdue","")
A16: 2 | B16: Project Planning | C16: Risk management plan | E16: 46341 | F16: Not started | G16: =IF(AND(E16<TODAY(),F16<>"Done"),"Overdue","")
... A84: 13 | B84: Project Closure | C84: Archive project documents | E84: 46417 | F84: Not started | G84: =IF(AND(E84<TODAY(),F84<>"Done"),"Overdue","")

Sheet Phase summary
A1: Progress by phase
A3: # | B3: Phase | C3: Deliverables | D3: Done | E3: In progress | F3: Blocked | G3: Overdue | H3: % done
A4: 1 | B4: Project Initiation | C4: =COUNTIF(Roadmap!$A$5:$A$84,A4) -> 5 | D4: =COUNTIFS(Roadmap!$A$5:$A$84,A4,Roadmap!$F$5:$F$84,"Done") -> 5 | E4: =COUNTIFS(Roadmap!$A$5:$A$84,A4,Roadmap!$F$5:$F$84,"In progress") -> 0 | F4: =COUNTIFS(Roadmap!$A$5:$A$84,A4,Roadmap!$F$5:$F$84,"Blocked") -> 0 | G4: =COUNTIFS(Roadmap!$A$5:$A$84,A4,Roadmap!$G$5:$G$84,"Overdue") -> 0 | H4: =IF(C4=0,0,D4/C4) -> 1
A5: 2 | B5: Project Planning | C5: =COUNTIF(Roadmap!$A$5:$A$84,A5) -> 8 | D5: =COUNTIFS(Roadmap!$A$5:$A$84,A5,Roadmap!$F$5:$F$84,"Done") -> 0 | E5: =COUNTIFS(Roadmap!$A$5:$A$84,A5,Roadmap!$F$5:$F$84,"In progress") -> 3 | F5: =COUNTIFS(Roadmap!$A$5:$A$84,A5,Roadmap!$F$5:$F$84,"Blocked") -> 1 | G5: =COUNTIFS(Roadmap!$A$5:$A$84,A5,Roadmap!$G$5:$G$84,"Overdue") -> 0 | H5: =IF(C5=0,0,D5/C5) -> 0
A6: 3 | B6: Project Scheduling | C6: =COUNTIF(Roadmap!$A$5:$A$84,A6) -> 6 | D6: =COUNTIFS(Roadmap!$A$5:$A$84,A6,Roadmap!$F$5:$F$84,"Done") -> 0 | E6: =COUNTIFS(Roadmap!$A$5:$A$84,A6,Roadmap!$F$5:$F$84,"In progress") -> 0 | F6: =COUNTIFS(Roadmap!$A$5:$A$84,A6,Roadmap!$F$5:$F$84,"Blocked") -> 0 | G6: =COUNTIFS(Roadmap!$A$5:$A$84,A6,Roadmap!$G$5:$G$84,"Overdue") -> 0 | H6: =IF(C6=0,0,D6/C6) -> 0
A7: 4 | B7: Resource Management | C7: =COUNTIF(Roadmap!$A$5:$A$84,A7) -> 6 | D7: =COUNTIFS(Roadmap!$A$5:$A$84,A7,Roadmap!$F$5:$F$84,"Done") -> 0 | E7: =COUNTIFS(Roadmap!$A$5:$A$84,A7,Roadmap!$F$5:$F$84,"In progress") -> 0 | F7: =COUNTIFS(Roadmap!$A$5:$A$84,A7,Roadmap!$F$5:$F$84,"Blocked") -> 0 | G7: =COUNTIFS(Roadmap!$A$5:$A$84,A7,Roadmap!$G$5:$G$84,"Overdue") -> 0 | H7: =IF(C7=0,0,D7/C7) -> 0
A8: 5 | B8: Risk Management | C8: =COUNTIF(Roadmap!$A$5:$A$84,A8) -> 6 | D8: =COUNTIFS(Roadmap!$A$5:$A$84,A8,Roadmap!$F$5:$F$84,"Done") -> 0 | E8: =COUNTIFS(Roadmap!$A$5:$A$84,A8,Roadmap!$F$5:$F$84,"In progress") -> 0 | F8: =COUNTIFS(Roadmap!$A$5:$A$84,A8,Roadmap!$F$5:$F$84,"Blocked") -> 0 | G8: =COUNTIFS(Roadmap!$A$5:$A$84,A8,Roadmap!$G$5:$G$84,"Overdue") -> 0 | H8: =IF(C8=0,0,D8/C8) -> 0
A9: 6 | B9: Procurement Management | C9: =COUNTIF(Roadmap!$A$5:$A$84,A9) -> 6 | D9: =COUNTIFS(Roadmap!$A$5:$A$84,A9,Roadmap!$F$5:$F$84,"Done") -> 0 | E9: =COUNTIFS(Roadmap!$A$5:$A$84,A9,Roadmap!$F$5:$F$84,"In progress") -> 0 | F9: =COUNTIFS(Roadmap!$A$5:$A$84,A9,Roadmap!$F$5:$F$84,"Blocked") -> 0 | G9: =COUNTIFS(Roadmap!$A$5:$A$84,A9,Roadmap!$G$5:$G$84,"Overdue") -> 0 | H9: =IF(C9=0,0,D9/C9) -> 0
A10: 7 | B10: Stakeholder Management | C10: =COUNTIF(Roadmap!$A$5:$A$84,A10) -> 6 | D10: =COUNTIFS(Roadmap!$A$5:$A$84,A10,Roadmap!$F$5:$F$84,"Done") -> 0 | E10: =COUNTIFS(Roadmap!$A$5:$A$84,A10,Roadmap!$F$5:$F$84,"In progress") -> 0 | F10: =COUNTIFS(Roadmap!$A$5:$A$84,A10,Roadmap!$F$5:$F$84,"Blocked") -> 0 | G10: =COUNTIFS(Roadmap!$A$5:$A$84,A10,Roadmap!$G$5:$G$84,"Overdue") -> 0 | H10: =IF(C10=0,0,D10/C10) -> 0
A11: 8 | B11: Quality Management | C11: =COUNTIF(Roadmap!$A$5:$A$84,A11) -> 6 | D11: =COUNTIFS(Roadmap!$A$5:$A$84,A11,Roadmap!$F$5:$F$84,"Done") -> 0 | E11: =COUNTIFS(Roadmap!$A$5:$A$84,A11,Roadmap!$F$5:$F$84,"In progress") -> 0 | F11: =COUNTIFS(Roadmap!$A$5:$A$84,A11,Roadmap!$F$5:$F$84,"Blocked") -> 0 | G11: =COUNTIFS(Roadmap!$A$5:$A$84,A11,Roadmap!$G$5:$G$84,"Overdue") -> 0 | H11: =IF(C11=0,0,D11/C11) -> 0
A12: 9 | B12: Project Execution | C12: =COUNTIF(Roadmap!$A$5:$A$84,A12) -> 6 | D12: =COUNTIFS(Roadmap!$A$5:$A$84,A12,Roadmap!$F$5:$F$84,"Done") -> 0 | E12: =COUNTIFS(Roadmap!$A$5:$A$84,A12,Roadmap!$F$5:$F$84,"In progress") -> 0 | F12: =COUNTIFS(Roadmap!$A$5:$A$84,A12,Roadmap!$F$5:$F$84,"Blocked") -> 0 | G12: =COUNTIFS(Roadmap!$A$5:$A$84,A12,Roadmap!$G$5:$G$84,"Overdue") -> 0 | H12: =IF(C12=0,0,D12/C12) -> 0
A13: 10 | B13: Cost Management | C13: =COUNTIF(Roadmap!$A$5:$A$84,A13) -> 6 | D13: =COUNTIFS(Roadmap!$A$5:$A$84,A13,Roadmap!$F$5:$F$84,"Done") -> 0 | E13: =COUNTIFS(Roadmap!$A$5:$A$84,A13,Roadmap!$F$5:$F$84,"In progress") -> 0 | F13: =COUNTIFS(Roadmap!$A$5:$A$84,A13,Roadmap!$F$5:$F$84,"Blocked") -> 0 | G13: =COUNTIFS(Roadmap!$A$5:$A$84,A13,Roadmap!$G$5:$G$84,"Overdue") -> 0 | H13: =IF(C13=0,0,D13/C13) -> 0
A14: 11 | B14: Change Management | C14: =COUNTIF(Roadmap!$A$5:$A$84,A14) -> 6 | D14: =COUNTIFS(Roadmap!$A$5:$A$84,A14,Roadmap!$F$5:$F$84,"Done") -> 0 | E14: =COUNTIFS(Roadmap!$A$5:$A$84,A14,Roadmap!$F$5:$F$84,"In progress") -> 0 | F14: =COUNTIFS(Roadmap!$A$5:$A$84,A14,Roadmap!$F$5:$F$84,"Blocked") -> 0 | G14: =COUNTIFS(Roadmap!$A$5:$A$84,A14,Roadmap!$G$5:$G$84,"Overdue") -> 0 | H14: =IF(C14=0,0,D14/C14) -> 0
A15: 12 | B15: Monitoring and Controlling | C15: =COUNTIF(Roadmap!$A$5:$A$84,A15) -> 7 | D15: =COUNTIFS(Roadmap!$A$5:$A$84,A15,Roadmap!$F$5:$F$84,"Done") -> 0 | E15: =COUNTIFS(Roadmap!$A$5:$A$84,A15,Roadmap!$F$5:$F$84,"In progress") -> 0 | F15: =COUNTIFS(Roadmap!$A$5:$A$84,A15,Roadmap!$F$5:$F$84,"Blocked") -> 0 | G15: =COUNTIFS(Roadmap!$A$5:$A$84,A15,Roadmap!$G$5:$G$84,"Overdue") -> 0 | H15: =IF(C15=0,0,D15/C15) -> 0
A16: 13 | B16: Project Closure | C16: =COUNTIF(Roadmap!$A$5:$A$84,A16) -> 6 | D16: =COUNTIFS(Roadmap!$A$5:$A$84,A16,Roadmap!$F$5:$F$84,"Done") -> 0 | E16: =COUNTIFS(Roadmap!$A$5:$A$84,A16,Roadmap!$F$5:$F$84,"In progress") -> 0 | F16: =COUNTIFS(Roadmap!$A$5:$A$84,A16,Roadmap!$F$5:$F$84,"Blocked") -> 0 | G16: =COUNTIFS(Roadmap!$A$5:$A$84,A16,Roadmap!$G$5:$G$84,"Overdue") -> 0 | H16: =IF(C16=0,0,D16/C16) -> 0
B17: All phases | C17: =SUM(C4:C16) -> 80 | D17: =SUM(D4:D16) -> 5 | E17: =SUM(E4:E16) -> 3 | F17: =SUM(F4:F16) -> 1 | G17: =SUM(G4:G16) -> 0 | H17: =IF(C17=0,0,D17/C17) -> 0.0625

Sheet CF practice
A1: Conditional formatting practice: budget versus actual
A2: Inputs in blue. Each rule below is applied to the range named in row 4 of the Notes tab.
A4: Line | B4: Owner | C4: Budget | D4: Actual | E4: Variance | F4: Variance % | G4: Status note | H4: Score
A5: Software | B5: Ana | C5: 12000 | D5: 13800 | E5: =D5-C5 -> 1800 | F5: =IF(C5=0,0,E5/C5) -> 0.15 | G5: Over, needs approval | H5: 72
A6: Travel | B6: Ben | C6: 8000 | D6: 6100 | E6: =D6-C6 -> -1900 | F6: =IF(C6=0,0,E6/C6) -> -0.2375 | G6: Under | H6: 88
A7: Marketing | B7: Cara | C7: 25000 | D7: 26500 | E7: =D7-C7 -> 1500 | F7: =IF(C7=0,0,E7/C7) -> 0.06 | G7: Over, needs approval | H7: 64
A8: Hosting | B8: Dev | C8: 9000 | D8: 9000 | E8: =D8-C8 -> 0 | F8: =IF(C8=0,0,E8/C8) -> 0 | G8: On plan | H8: 91
A9: Training | B9: Ana | C9: 5000 | D9: 2900 | E9: =D9-C9 -> -2100 | F9: =IF(C9=0,0,E9/C9) -> -0.42 | G9: Under | H9: 55
A10: Contractors | B10: Eli | C10: 30000 | D10: 36400 | E10: =D10-C10 -> 6400 | F10: =IF(C10=0,0,E10/C10) -> 0.21333333 | G10: Over, blocked by PO | H10: 48
A11: Legal | B11: Cara | C11: 7000 | D11: 7350 | E11: =D11-C11 -> 350 | F11: =IF(C11=0,0,E11/C11) -> 0.05 | G11: On plan | H11: 79
A12: Office | B12: Ben | C12: 4000 | D12: 3200 | E12: =D12-C12 -> -800 | F12: =IF(C12=0,0,E12/C12) -> -0.2 | G12: Under | H12: 83
A13: Hosting | B13: Dev | C13: 9000 | D13: 9000 | E13: =D13-C13 -> 0 | F13: =IF(C13=0,0,E13/C13) -> 0 | G13: Duplicate line | H13: 91
A14: Events | B14: Eli | C14: 15000 | D14: 11800 | E14: =D14-C14 -> -3200 | F14: =IF(C14=0,0,E14/C14) -> -0.21333333 | G14: Under | H14: 60

Sheet Notes
A1: Sheet | B1: What it shows
A2: Roadmap | B2: 80 deliverables across 13 phases; status dropdown; rows turn green when Done and red when Blocked; Overdue? uses TODAY()
A3: Phase summary | B3: COUNTIFS per phase and a data bar for % done
A4: CF practice | B4: Rules applied: variance over 10% (red), duplicate Line (yellow), top 3 Scores (green), text contains "blocked" (red), data bars on Actual, arrow icons on Variance, custom formula on Owner (variance over 10% and score under 60)
A5: Assumptions | B5: Due dates are placeholders from 2 Nov 2026, one week per phase; replace them. Sample statuses are examples, not real progress. Rules are standard Excel conditional formats; the PivotTable features in the pivot infographic cannot be created by this file, so build a pivot from the CF practice table in Excel.
